Student ID,Student Name,Student Email,Topic Title,GUC Supervisor,External Reviewer Name
49-14632,A,e1,t1,internal1,external1
32-17306,B,e2,t2,internal2,external1
49-14633,C,e3,t3,internal3,external1
32-17307,D,e4,t4,internal4,external1
49-14634,E,e5,t5,internal5,external1
32-17308,F,e6,t6,internal6,external1
49-14633,A,e7,t7,internal7,external1
32-17307,B,e8,t8,internal8,external1
49-14634,C,e9,t9,internal9,external1
32-17308,D,e10,t10,internal10,external1
49-14635,E,e11,t11,internal11,external1
32-17309,F,e12,t12,internal12,external1
